{
	"fwb:restart_game":";",
	"fwb:cancel_prompt":"backspace",
	"fwb:confirm_prompt":"enter",
	"fwb:show_debug_screen":"#",
	"fwb:show_logs":"$",
	"fwb:show_fps":"@",
	"fwb:run_command":"/",
	"fwb:pause":"p",
	"fwb:clear_resources":"end",
	"fwb:show_advanced_tooltips":"z",
	"fwb:move_up":"w",
	"fwb:move_down":"s",
	"fwb:move_left":"a",
	"fwb:move_right":"d",
	"fwb:editor/toggle_noclip":"v",
	"fwb:editor/place_tile":"e",
	"fwb:editor/remove_tile":"q",
	"fwb:editor/toggle_fast_movement":"b"
}