{
	"fwb:master_volume":50,
	"fwb:music_volume":50,
	"fwb:sound_effects_volume":50,
	"fwb:graphics_level":1,
	"fwb:screen_shake":true,
	"fwb:contrast":false,
	"fwb:background":1,
	"fwb:effects":true,
	"fwb:max_framerate":60,
	"fwb:turbo_mode":false,
	"fwb:selected_resource_packs":[],
	"fwb:animated_text_resolution":100,
	"fwb:animated_text_resolution_type":1,
	"fwb:menu_button_color":null,
	"fwb:screen_shake_intensity":30,
	"fwb:popup_duration":40,
	"fwb:show_debug_controls":false,
	"fwb:advanced_tooltips":false,
	"fwb:menu_fade_duration":1,
	"fwb:blur":0
}